Kernel,Machine&Compiler,DataType,Baseline tag,openSource,time phase,Matrix-all,Matrix,Time
cuSPARSE,NVIDIA GeForce RTX 5090 / CUDA 12.9,float,T,T,solve_only,1,2cubes_sphere,0.01220680000
GeneralSparse,NVIDIA GeForce RTX 5090 / CUDA 12.9,float,F,T,solve_only,1.084456846,2cubes_sphere,0.008189400000
cuSPARSE,NVIDIA GeForce RTX 5090 / CUDA 12.9,float,T,T,solve_only,1,ASIC_680ks,0.01639480000
GeneralSparse,NVIDIA GeForce RTX 5090 / CUDA 12.9,float,F,T,solve_only,1.084456846,ASIC_680ks,0.02838860000
cuSPARSE,NVIDIA GeForce RTX 5090 / CUDA 12.9,float,T,T,solve_only,1,CurlCurl_1,0.01228920000
GeneralSparse,NVIDIA GeForce RTX 5090 / CUDA 12.9,float,F,T,solve_only,1.084456846,CurlCurl_1,0.008197400000
cuSPARSE,NVIDIA GeForce RTX 5090 / CUDA 12.9,float,T,T,solve_only,1,GL7d14,0.03074280000
GeneralSparse,NVIDIA GeForce RTX 5090 / CUDA 12.9,float,F,T,solve_only,1.084456846,GL7d14,0.02044440000
cuSPARSE,NVIDIA GeForce RTX 5090 / CUDA 12.9,float,T,T,solve_only,1,H2O,0.01228300000
GeneralSparse,NVIDIA GeForce RTX 5090 / CUDA 12.9,float,F,T,solve_only,1.084456846,H2O,0.006148200000
cuSPARSE,NVIDIA GeForce RTX 5090 / CUDA 12.9,float,T,T,solve_only,1,NACA0015,0.03275480000
GeneralSparse,NVIDIA GeForce RTX 5090 / CUDA 12.9,float,F,T,solve_only,1.084456846,NACA0015,0.02868820000
cuSPARSE,NVIDIA GeForce RTX 5090 / CUDA 12.9,float,T,T,solve_only,1,Stanford,0.03073720000
GeneralSparse,NVIDIA GeForce RTX 5090 / CUDA 12.9,float,F,T,solve_only,1.084456846,Stanford,0.3405280000
cuSPARSE,NVIDIA GeForce RTX 5090 / CUDA 12.9,float,T,T,solve_only,1,TF19,0.02870840000
GeneralSparse,NVIDIA GeForce RTX 5090 / CUDA 12.9,float,F,T,solve_only,1.084456846,TF19,0.03465020000
cuSPARSE,NVIDIA GeForce RTX 5090 / CUDA 12.9,float,T,T,solve_only,1,TSOPF_FS_b300_c1,0.02047340000
GeneralSparse,NVIDIA GeForce RTX 5090 / CUDA 12.9,float,F,T,solve_only,1.084456846,TSOPF_FS_b300_c1,0.01844260000
cuSPARSE,NVIDIA GeForce RTX 5090 / CUDA 12.9,float,T,T,solve_only,1,amazon0601,0.03096160000
GeneralSparse,NVIDIA GeForce RTX 5090 / CUDA 12.9,float,F,T,solve_only,1.084456846,amazon0601,0.02869400000
cuSPARSE,NVIDIA GeForce RTX 5090 / CUDA 12.9,float,T,T,solve_only,1,auto,0.04598600000
GeneralSparse,NVIDIA GeForce RTX 5090 / CUDA 12.9,float,F,T,solve_only,1.084456846,auto,0.03275740000
cuSPARSE,NVIDIA GeForce RTX 5090 / CUDA 12.9,float,T,T,solve_only,1,c8_mat11,0.01434120000
GeneralSparse,NVIDIA GeForce RTX 5090 / CUDA 12.9,float,F,T,solve_only,1.084456846,c8_mat11,0.01024760000
cuSPARSE,NVIDIA GeForce RTX 5090 / CUDA 12.9,float,T,T,solve_only,1,cage12,0.01433320000
GeneralSparse,NVIDIA GeForce RTX 5090 / CUDA 12.9,float,F,T,solve_only,1.084456846,cage12,0.01023660000
cuSPARSE,NVIDIA GeForce RTX 5090 / CUDA 12.9,float,T,T,solve_only,1,cfd2,0.01228700000
GeneralSparse,NVIDIA GeForce RTX 5090 / CUDA 12.9,float,F,T,solve_only,1.084456846,cfd2,0.008189200000
cuSPARSE,NVIDIA GeForce RTX 5090 / CUDA 12.9,float,T,T,solve_only,1,ecology1,0.02048140000
GeneralSparse,NVIDIA GeForce RTX 5090 / CUDA 12.9,float,F,T,solve_only,1.084456846,ecology1,0.01023700000
cuSPARSE,NVIDIA GeForce RTX 5090 / CUDA 12.9,float,T,T,solve_only,1,engine,0.01434760000
GeneralSparse,NVIDIA GeForce RTX 5090 / CUDA 12.9,float,F,T,solve_only,1.084456846,engine,0.02049220000
cuSPARSE,NVIDIA GeForce RTX 5090 / CUDA 12.9,float,T,T,solve_only,1,filter3D,0.01433920000
GeneralSparse,NVIDIA GeForce RTX 5090 / CUDA 12.9,float,F,T,solve_only,1.084456846,filter3D,0.01023660000
cuSPARSE,NVIDIA GeForce RTX 5090 / CUDA 12.9,float,T,T,solve_only,1,mac_econ_fwd500,0.01229500000
GeneralSparse,NVIDIA GeForce RTX 5090 / CUDA 12.9,float,F,T,solve_only,1.084456846,mac_econ_fwd500,0.01028180000
cuSPARSE,NVIDIA GeForce RTX 5090 / CUDA 12.9,float,T,T,solve_only,1,mip1,0.01843220000
GeneralSparse,NVIDIA GeForce RTX 5090 / CUDA 12.9,float,F,T,solve_only,1.084456846,mip1,0.05937360000
cuSPARSE,NVIDIA GeForce RTX 5090 / CUDA 12.9,float,T,T,solve_only,1,msc10848,0.01055280000
GeneralSparse,NVIDIA GeForce RTX 5090 / CUDA 12.9,float,F,T,solve_only,1.084456846,msc10848,0.01637820000
cuSPARSE,NVIDIA GeForce RTX 5090 / CUDA 12.9,float,T,T,solve_only,1,neos3,0.01519460000
GeneralSparse,NVIDIA GeForce RTX 5090 / CUDA 12.9,float,F,T,solve_only,1.084456846,neos3,0.2187020000
cuSPARSE,NVIDIA GeForce RTX 5090 / CUDA 12.9,float,T,T,solve_only,1,net150,0.01639260000
GeneralSparse,NVIDIA GeForce RTX 5090 / CUDA 12.9,float,F,T,solve_only,1.084456846,net150,0.01433100000
cuSPARSE,NVIDIA GeForce RTX 5090 / CUDA 12.9,float,T,T,solve_only,1,pkustk13,0.01639260000
GeneralSparse,NVIDIA GeForce RTX 5090 / CUDA 12.9,float,F,T,solve_only,1.084456846,pkustk13,0.03480180000
cuSPARSE,NVIDIA GeForce RTX 5090 / CUDA 12.9,float,T,T,solve_only,1,roadNet-TX,0.02048280000
GeneralSparse,NVIDIA GeForce RTX 5090 / CUDA 12.9,float,F,T,solve_only,1.084456846,roadNet-TX,0.01434540000
cuSPARSE,NVIDIA GeForce RTX 5090 / CUDA 12.9,float,T,T,solve_only,1,smt,0.01230880000
GeneralSparse,NVIDIA GeForce RTX 5090 / CUDA 12.9,float,F,T,solve_only,1.084456846,smt,0.02047260000
cuSPARSE,NVIDIA GeForce RTX 5090 / CUDA 12.9,float,T,T,solve_only,1,trdheim,0.01023900000
GeneralSparse,NVIDIA GeForce RTX 5090 / CUDA 12.9,float,F,T,solve_only,1.084456846,trdheim,0.008197400000
cuSPARSE,NVIDIA GeForce RTX 5090 / CUDA 12.9,float,T,T,solve_only,1,water_tank,0.01390740000
GeneralSparse,NVIDIA GeForce RTX 5090 / CUDA 12.9,float,F,T,solve_only,1.084456846,water_tank,0.008226000000
cuSPARSE,NVIDIA GeForce RTX 5090 / CUDA 12.9,float,T,T,solve_only,1,wave,0.01228740000
GeneralSparse,NVIDIA GeForce RTX 5090 / CUDA 12.9,float,F,T,solve_only,1.084456846,wave,0.008194000000
cuSPARSE,NVIDIA GeForce RTX 5090 / CUDA 12.9,float,T,T,solve_only,1,wheel_601,0.02668700000
GeneralSparse,NVIDIA GeForce RTX 5090 / CUDA 12.9,float,F,T,solve_only,1.084456846,wheel_601,0.05943140000
cuSPARSE,NVIDIA GeForce RTX 5090 / CUDA 12.9,float,T,T,solve_only,1,wiki-Talk,0.2104460000
GeneralSparse,NVIDIA GeForce RTX 5090 / CUDA 12.9,float,F,T,solve_only,1.084456846,wiki-Talk,2.561920000
cuSPARSE,NVIDIA GeForce RTX 5090 / CUDA 12.9,float,T,T,solve_only,1,ASIC_100k,0.01211180000
GeneralSparse,NVIDIA GeForce RTX 5090 / CUDA 12.9,float,F,T,solve_only,1.084456846,ASIC_100k,0.1349430000
cuSPARSE,NVIDIA GeForce RTX 5090 / CUDA 12.9,float,T,T,solve_only,1,ASIC_100ks,0.01072500000
GeneralSparse,NVIDIA GeForce RTX 5090 / CUDA 12.9,float,F,T,solve_only,1.084456846,ASIC_100ks,0.02047200000
cuSPARSE,NVIDIA GeForce RTX 5090 / CUDA 12.9,float,T,T,solve_only,1,ASIC_320k,0.01807500000
GeneralSparse,NVIDIA GeForce RTX 5090 / CUDA 12.9,float,F,T,solve_only,1.084456846,ASIC_320k,0.3838440000
cuSPARSE,NVIDIA GeForce RTX 5090 / CUDA 12.9,float,T,T,solve_only,1,ASIC_320ks,0.01434120000
GeneralSparse,NVIDIA GeForce RTX 5090 / CUDA 12.9,float,F,T,solve_only,1.084456846,ASIC_320ks,0.04094360000
cuSPARSE,NVIDIA GeForce RTX 5090 / CUDA 12.9,float,T,T,solve_only,1,California,0.01079400000
GeneralSparse,NVIDIA GeForce RTX 5090 / CUDA 12.9,float,F,T,solve_only,1.084456846,California,0.008197400000
cuSPARSE,NVIDIA GeForce RTX 5090 / CUDA 12.9,float,T,T,solve_only,1,TSOPF_RS_b162_c1,0.01085560000
GeneralSparse,NVIDIA GeForce RTX 5090 / CUDA 12.9,float,F,T,solve_only,1.084456846,TSOPF_RS_b162_c1,0.008190000000
cuSPARSE,NVIDIA GeForce RTX 5090 / CUDA 12.9,float,T,T,solve_only,1,TSOPF_RS_b2052_c1,0.02048900000
GeneralSparse,NVIDIA GeForce RTX 5090 / CUDA 12.9,float,F,T,solve_only,1.084456846,TSOPF_RS_b2052_c1,0.04094220000
cuSPARSE,NVIDIA GeForce RTX 5090 / CUDA 12.9,float,T,T,solve_only,1,TSOPF_RS_b2383,0.08599100000
GeneralSparse,NVIDIA GeForce RTX 5090 / CUDA 12.9,float,F,T,solve_only,1.084456846,TSOPF_RS_b2383,0.07170540000
cuSPARSE,NVIDIA GeForce RTX 5090 / CUDA 12.9,float,T,T,solve_only,1,TSOPF_RS_b300_c2,0.01433780000
GeneralSparse,NVIDIA GeForce RTX 5090 / CUDA 12.9,float,F,T,solve_only,1.084456846,TSOPF_RS_b300_c2,0.01844440000
cuSPARSE,NVIDIA GeForce RTX 5090 / CUDA 12.9,float,T,T,solve_only,1,TSOPF_RS_b39_c19,0.01024620000
GeneralSparse,NVIDIA GeForce RTX 5090 / CUDA 12.9,float,F,T,solve_only,1.084456846,TSOPF_RS_b39_c19,0.004659200000
cuSPARSE,NVIDIA GeForce RTX 5090 / CUDA 12.9,float,T,T,solve_only,1,TSOPF_RS_b39_c30,0.01100940000
GeneralSparse,NVIDIA GeForce RTX 5090 / CUDA 12.9,float,F,T,solve_only,1.084456846,TSOPF_RS_b39_c30,0.004099600000
cuSPARSE,NVIDIA GeForce RTX 5090 / CUDA 12.9,float,T,T,solve_only,1,TSOPF_RS_b678_c2,0.02457340000
GeneralSparse,NVIDIA GeForce RTX 5090 / CUDA 12.9,float,F,T,solve_only,1.084456846,TSOPF_RS_b678_c2,0.03403720000
cuSPARSE,NVIDIA GeForce RTX 5090 / CUDA 12.9,float,T,T,solve_only,1,amazon0302,0.02032540000
GeneralSparse,NVIDIA GeForce RTX 5090 / CUDA 12.9,float,F,T,solve_only,1.084456846,amazon0302,0.01229620000
cuSPARSE,NVIDIA GeForce RTX 5090 / CUDA 12.9,float,T,T,solve_only,1,amazon0312,0.03158600000
GeneralSparse,NVIDIA GeForce RTX 5090 / CUDA 12.9,float,F,T,solve_only,1.084456846,amazon0312,0.02867060000
cuSPARSE,NVIDIA GeForce RTX 5090 / CUDA 12.9,float,T,T,solve_only,1,amazon0505,0.02904260000
GeneralSparse,NVIDIA GeForce RTX 5090 / CUDA 12.9,float,F,T,solve_only,1.084456846,amazon0505,0.02866460000
cuSPARSE,NVIDIA GeForce RTX 5090 / CUDA 12.9,float,T,T,solve_only,1,as-735_G_359,0.01228260000
GeneralSparse,NVIDIA GeForce RTX 5090 / CUDA 12.9,float,F,T,solve_only,1.084456846,as-735_G_359,0.008189600000
cuSPARSE,NVIDIA GeForce RTX 5090 / CUDA 12.9,float,T,T,solve_only,1,as-735_G_652,0.01023380000
GeneralSparse,NVIDIA GeForce RTX 5090 / CUDA 12.9,float,F,T,solve_only,1.084456846,as-735_G_652,0.008197800000
cuSPARSE,NVIDIA GeForce RTX 5090 / CUDA 12.9,float,T,T,solve_only,1,roadNet-CA,0.02254840000
GeneralSparse,NVIDIA GeForce RTX 5090 / CUDA 12.9,float,F,T,solve_only,1.084456846,roadNet-CA,0.02047220000
cuSPARSE,NVIDIA GeForce RTX 5090 / CUDA 12.9,float,T,T,solve_only,1,roadNet-PA,0.01905980000
GeneralSparse,NVIDIA GeForce RTX 5090 / CUDA 12.9,float,F,T,solve_only,1.084456846,roadNet-PA,0.01228640000
cuSPARSE,NVIDIA GeForce RTX 5090 / CUDA 12.9,float,T,T,solve_only,1,scsd8-2r_A_07,0.01121160000
GeneralSparse,NVIDIA GeForce RTX 5090 / CUDA 12.9,float,F,T,solve_only,1.084456846,scsd8-2r_A_07,0.003749000000
cuSPARSE,NVIDIA GeForce RTX 5090 / CUDA 12.9,float,T,T,solve_only,1,scsd8-2r_A_08,0.01113240000
GeneralSparse,NVIDIA GeForce RTX 5090 / CUDA 12.9,float,F,T,solve_only,1.084456846,scsd8-2r_A_08,0.004076000000
cuSPARSE,NVIDIA GeForce RTX 5090 / CUDA 12.9,float,T,T,solve_only,1,scsd8-2r_A_09,0.01010680000
GeneralSparse,NVIDIA GeForce RTX 5090 / CUDA 12.9,float,F,T,solve_only,1.084456846,scsd8-2r_A_09,0.003898600000
cuSPARSE,NVIDIA GeForce RTX 5090 / CUDA 12.9,float,T,T,solve_only,1,amazon-2008,0.02516320000
GeneralSparse,NVIDIA GeForce RTX 5090 / CUDA 12.9,float,F,T,solve_only,1.084456846,amazon-2008,0.02664200000
cuSPARSE,NVIDIA GeForce RTX 5090 / CUDA 12.9,float,T,T,solve_only,1,web-BerkStan,0.02670860000
GeneralSparse,NVIDIA GeForce RTX 5090 / CUDA 12.9,float,F,T,solve_only,1.084456846,web-BerkStan,0.04708540000
cuSPARSE,NVIDIA GeForce RTX 5090 / CUDA 12.9,float,T,T,solve_only,1,patents,0.1652022000
GeneralSparse,NVIDIA GeForce RTX 5090 / CUDA 12.9,float,F,T,solve_only,1.084456846,patents,0.1816308000
cuSPARSE,NVIDIA GeForce RTX 5090 / CUDA 12.9,float,T,T,solve_only,1,08blocks,0.008196200000
GeneralSparse,NVIDIA GeForce RTX 5090 / CUDA 12.9,float,F,T,solve_only,1.084456846,08blocks,0.002217600000
cuSPARSE,NVIDIA GeForce RTX 5090 / CUDA 12.9,float,T,T,solve_only,1,1138_bus,0.01023580000
GeneralSparse,NVIDIA GeForce RTX 5090 / CUDA 12.9,float,F,T,solve_only,1.084456846,1138_bus,0.003163800000
cuSPARSE,NVIDIA GeForce RTX 5090 / CUDA 12.9,float,T,T,solve_only,1,12month1,0.1256566000
GeneralSparse,NVIDIA GeForce RTX 5090 / CUDA 12.9,float,F,T,solve_only,1.084456846,12month1,0.2068080000
cuSPARSE,NVIDIA GeForce RTX 5090 / CUDA 12.9,float,T,T,solve_only,1,130bit,0.01023300000
GeneralSparse,NVIDIA GeForce RTX 5090 / CUDA 12.9,float,F,T,solve_only,1.084456846,130bit,0.003690600000
cuSPARSE,NVIDIA GeForce RTX 5090 / CUDA 12.9,float,T,T,solve_only,1,144,0.01992180000
GeneralSparse,NVIDIA GeForce RTX 5090 / CUDA 12.9,float,F,T,solve_only,1.084456846,144,0.01228300000
cuSPARSE,NVIDIA GeForce RTX 5090 / CUDA 12.9,float,T,T,solve_only,1,145bit,0.01023500000
GeneralSparse,NVIDIA GeForce RTX 5090 / CUDA 12.9,float,F,T,solve_only,1.084456846,145bit,0.004099800000
cuSPARSE,NVIDIA GeForce RTX 5090 / CUDA 12.9,float,T,T,solve_only,1,162bit,0.01023600000
GeneralSparse,NVIDIA GeForce RTX 5090 / CUDA 12.9,float,F,T,solve_only,1.084456846,162bit,0.003908800000
cuSPARSE,NVIDIA GeForce RTX 5090 / CUDA 12.9,float,T,T,solve_only,1,176bit,0.01023600000
GeneralSparse,NVIDIA GeForce RTX 5090 / CUDA 12.9,float,F,T,solve_only,1.084456846,176bit,0.003590000000
cuSPARSE,NVIDIA GeForce RTX 5090 / CUDA 12.9,float,T,T,solve_only,1,192bit,0.01023700000
GeneralSparse,NVIDIA GeForce RTX 5090 / CUDA 12.9,float,F,T,solve_only,1.084456846,192bit,0.003885800000
cuSPARSE,NVIDIA GeForce RTX 5090 / CUDA 12.9,float,T,T,solve_only,1,208bit,0.01228500000
GeneralSparse,NVIDIA GeForce RTX 5090 / CUDA 12.9,float,F,T,solve_only,1.084456846,208bit,0.005909200000
cuSPARSE,NVIDIA GeForce RTX 5090 / CUDA 12.9,float,T,T,solve_only,1,2D_27628_bjtcai,0.01023620000
GeneralSparse,NVIDIA GeForce RTX 5090 / CUDA 12.9,float,F,T,solve_only,1.084456846,2D_27628_bjtcai,0.008197800000
cuSPARSE,NVIDIA GeForce RTX 5090 / CUDA 12.9,float,T,T,solve_only,1,2D_54019_highK,0.01024620000
GeneralSparse,NVIDIA GeForce RTX 5090 / CUDA 12.9,float,F,T,solve_only,1.084456846,2D_54019_highK,0.06557040000
cuSPARSE,NVIDIA GeForce RTX 5090 / CUDA 12.9,float,T,T,solve_only,1,333SP,0.08328520000
GeneralSparse,NVIDIA GeForce RTX 5090 / CUDA 12.9,float,F,T,solve_only,1.084456846,333SP,0.1249362000
cuSPARSE,NVIDIA GeForce RTX 5090 / CUDA 12.9,float,T,T,solve_only,1,3D_28984_Tetra,0.01023620000
GeneralSparse,NVIDIA GeForce RTX 5090 / CUDA 12.9,float,F,T,solve_only,1.084456846,3D_28984_Tetra,0.04094200000
cuSPARSE,NVIDIA GeForce RTX 5090 / CUDA 12.9,float,T,T,solve_only,1,3D_51448_3D,0.01094980000
GeneralSparse,NVIDIA GeForce RTX 5090 / CUDA 12.9,float,F,T,solve_only,1.084456846,3D_51448_3D,0.06929140000
cuSPARSE,NVIDIA GeForce RTX 5090 / CUDA 12.9,float,T,T,solve_only,1,3Dspectralwave,0.09156840000
GeneralSparse,NVIDIA GeForce RTX 5090 / CUDA 12.9,float,F,T,solve_only,1.084456846,3Dspectralwave,0.1141718000
cuSPARSE,NVIDIA GeForce RTX 5090 / CUDA 12.9,float,T,T,solve_only,1,3Dspectralwave2,0.02254020000
GeneralSparse,NVIDIA GeForce RTX 5090 / CUDA 12.9,float,F,T,solve_only,1.084456846,3Dspectralwave2,0.04507980000
cuSPARSE,NVIDIA GeForce RTX 5090 / CUDA 12.9,float,T,T,solve_only,1,3dtube,0.01229000000
GeneralSparse,NVIDIA GeForce RTX 5090 / CUDA 12.9,float,F,T,solve_only,1.084456846,3dtube,0.05933080000
cuSPARSE,NVIDIA GeForce RTX 5090 / CUDA 12.9,float,T,T,solve_only,1,3elt,0.008952600000
GeneralSparse,NVIDIA GeForce RTX 5090 / CUDA 12.9,float,F,T,solve_only,1.084456846,3elt,0.003706400000
cuSPARSE,NVIDIA GeForce RTX 5090 / CUDA 12.9,float,T,T,solve_only,1,3elt_dual,0.01083360000
GeneralSparse,NVIDIA GeForce RTX 5090 / CUDA 12.9,float,F,T,solve_only,1.084456846,3elt_dual,0.003947600000
cuSPARSE,NVIDIA GeForce RTX 5090 / CUDA 12.9,float,T,T,solve_only,1,494_bus,0.01085340000
GeneralSparse,NVIDIA GeForce RTX 5090 / CUDA 12.9,float,F,T,solve_only,1.084456846,494_bus,0.003666000000
cuSPARSE,NVIDIA GeForce RTX 5090 / CUDA 12.9,float,T,T,solve_only,1,598a,0.02045080000
GeneralSparse,NVIDIA GeForce RTX 5090 / CUDA 12.9,float,F,T,solve_only,1.084456846,598a,0.01023680000
cuSPARSE,NVIDIA GeForce RTX 5090 / CUDA 12.9,float,T,T,solve_only,1,662_bus,0.01097380000
GeneralSparse,NVIDIA GeForce RTX 5090 / CUDA 12.9,float,F,T,solve_only,1.084456846,662_bus,0.003707000000
cuSPARSE,NVIDIA GeForce RTX 5090 / CUDA 12.9,float,T,T,solve_only,1,685_bus,0.01124980000
GeneralSparse,NVIDIA GeForce RTX 5090 / CUDA 12.9,float,F,T,solve_only,1.084456846,685_bus,0.003734800000
cuSPARSE,NVIDIA GeForce RTX 5090 / CUDA 12.9,float,T,T,solve_only,1,ABACUS_shell_hd,0.009234000000
GeneralSparse,NVIDIA GeForce RTX 5090 / CUDA 12.9,float,F,T,solve_only,1.084456846,ABACUS_shell_hd,0.004073600000
cuSPARSE,NVIDIA GeForce RTX 5090 / CUDA 12.9,float,T,T,solve_only,1,ABACUS_shell_hd_E,0.01228400000
GeneralSparse,NVIDIA GeForce RTX 5090 / CUDA 12.9,float,F,T,solve_only,1.084456846,ABACUS_shell_hd_E,0.004732000000
cuSPARSE,NVIDIA GeForce RTX 5090 / CUDA 12.9,float,T,T,solve_only,1,ABACUS_shell_hd_K,0.009284000000
GeneralSparse,NVIDIA GeForce RTX 5090 / CUDA 12.9,float,F,T,solve_only,1.084456846,ABACUS_shell_hd_K,0.003658400000
cuSPARSE,NVIDIA GeForce RTX 5090 / CUDA 12.9,float,T,T,solve_only,1,ABACUS_shell_hd_M,0.009389800000
GeneralSparse,NVIDIA GeForce RTX 5090 / CUDA 12.9,float,F,T,solve_only,1.084456846,ABACUS_shell_hd_M,0.003789000000
cuSPARSE,NVIDIA GeForce RTX 5090 / CUDA 12.9,float,T,T,solve_only,1,ABACUS_shell_hd_Mzeros,0.01432900000
GeneralSparse,NVIDIA GeForce RTX 5090 / CUDA 12.9,float,F,T,solve_only,1.084456846,ABACUS_shell_hd_Mzeros,0.003757400000
cuSPARSE,NVIDIA GeForce RTX 5090 / CUDA 12.9,float,T,T,solve_only,1,ABACUS_shell_ld,0.009283200000
GeneralSparse,NVIDIA GeForce RTX 5090 / CUDA 12.9,float,F,T,solve_only,1.084456846,ABACUS_shell_ld,0.003734800000
cuSPARSE,NVIDIA GeForce RTX 5090 / CUDA 12.9,float,T,T,solve_only,1,ABACUS_shell_ld_E,0.01228340000
GeneralSparse,NVIDIA GeForce RTX 5090 / CUDA 12.9,float,F,T,solve_only,1.084456846,ABACUS_shell_ld_E,0.004436600000
cuSPARSE,NVIDIA GeForce RTX 5090 / CUDA 12.9,float,T,T,solve_only,1,ABACUS_shell_ld_K,0.009070400000
GeneralSparse,NVIDIA GeForce RTX 5090 / CUDA 12.9,float,F,T,solve_only,1.084456846,ABACUS_shell_ld_K,0.004448400000
cuSPARSE,NVIDIA GeForce RTX 5090 / CUDA 12.9,float,T,T,solve_only,1,ABACUS_shell_ld_M,0.01102840000
GeneralSparse,NVIDIA GeForce RTX 5090 / CUDA 12.9,float,F,T,solve_only,1.084456846,ABACUS_shell_ld_M,0.004519800000
cuSPARSE,NVIDIA GeForce RTX 5090 / CUDA 12.9,float,T,T,solve_only,1,ABACUS_shell_ld_Mzeros,0.01433000000
GeneralSparse,NVIDIA GeForce RTX 5090 / CUDA 12.9,float,F,T,solve_only,1.084456846,ABACUS_shell_ld_Mzeros,0.004757600000
cuSPARSE,NVIDIA GeForce RTX 5090 / CUDA 12.9,float,T,T,solve_only,1,ABACUS_shell_md,0.01019040000
GeneralSparse,NVIDIA GeForce RTX 5090 / CUDA 12.9,float,F,T,solve_only,1.084456846,ABACUS_shell_md,0.004382600000
cuSPARSE,NVIDIA GeForce RTX 5090 / CUDA 12.9,float,T,T,solve_only,1,ABACUS_shell_md_E,0.01228460000
GeneralSparse,NVIDIA GeForce RTX 5090 / CUDA 12.9,float,F,T,solve_only,1.084456846,ABACUS_shell_md_E,0.003776200000
cuSPARSE,NVIDIA GeForce RTX 5090 / CUDA 12.9,float,T,T,solve_only,1,ABACUS_shell_md_K,0.009450200000
GeneralSparse,NVIDIA GeForce RTX 5090 / CUDA 12.9,float,F,T,solve_only,1.084456846,ABACUS_shell_md_K,0.003619200000
cuSPARSE,NVIDIA GeForce RTX 5090 / CUDA 12.9,float,T,T,solve_only,1,webbase-1M,0.02043360000
GeneralSparse,NVIDIA GeForce RTX 5090 / CUDA 12.9,float,F,T,solve_only,1.084456846,webbase-1M,0.3255060000
cuSPARSE,NVIDIA GeForce RTX 5090 / CUDA 12.9,float,T,T,solve_only,1,germany_osm,0.1508906000
GeneralSparse,NVIDIA GeForce RTX 5090 / CUDA 12.9,float,F,T,solve_only,1.084456846,germany_osm,0.4441340000
cuSPARSE,NVIDIA GeForce RTX 5090 / CUDA 12.9,float,T,T,solve_only,1,com-Amazon,0.02922020000
GeneralSparse,NVIDIA GeForce RTX 5090 / CUDA 12.9,float,F,T,solve_only,1.084456846,com-Amazon,0.04714440000
cuSPARSE,NVIDIA GeForce RTX 5090 / CUDA 12.9,float,T,T,solve_only,1,mycielskian12,0.01023620000
GeneralSparse,NVIDIA GeForce RTX 5090 / CUDA 12.9,float,F,T,solve_only,1.084456846,mycielskian12,0.008189400000
cuSPARSE,NVIDIA GeForce RTX 5090 / CUDA 12.9,float,T,T,solve_only,1,rgg_n_2_19_s0,0.01683480000
GeneralSparse,NVIDIA GeForce RTX 5090 / CUDA 12.9,float,F,T,solve_only,1.084456846,rgg_n_2_19_s0,0.01844360000
cuSPARSE,NVIDIA GeForce RTX 5090 / CUDA 12.9,float,T,T,solve_only,1,in-2004,0.09424960000
GeneralSparse,NVIDIA GeForce RTX 5090 / CUDA 12.9,float,F,T,solve_only,1.084456846,in-2004,1.006858000
cuSPARSE,NVIDIA GeForce RTX 5090 / CUDA 12.9,float,T,T,solve_only,1,asia_osm,0.1578502000
GeneralSparse,NVIDIA GeForce RTX 5090 / CUDA 12.9,float,F,T,solve_only,1.084456846,asia_osm,0.4278680000
cuSPARSE,NVIDIA GeForce RTX 5090 / CUDA 12.9,float,T,T,solve_only,1,mycielskian13,0.01023680000
GeneralSparse,NVIDIA GeForce RTX 5090 / CUDA 12.9,float,F,T,solve_only,1.084456846,mycielskian13,0.01337660000
cuSPARSE,NVIDIA GeForce RTX 5090 / CUDA 12.9,float,T,T,solve_only,1,road_central,0.3941038000
GeneralSparse,NVIDIA GeForce RTX 5090 / CUDA 12.9,float,F,T,solve_only,1.084456846,road_central,0.5353780000
cuSPARSE,NVIDIA GeForce RTX 5090 / CUDA 12.9,float,T,T,solve_only,1,wikipedia-20051105,0.2753792000
GeneralSparse,NVIDIA GeForce RTX 5090 / CUDA 12.9,float,F,T,solve_only,1.084456846,wikipedia-20051105,0.7747460000
cuSPARSE,NVIDIA GeForce RTX 5090 / CUDA 12.9,float,T,T,solve_only,1,cep1,0.01023560000
GeneralSparse,NVIDIA GeForce RTX 5090 / CUDA 12.9,float,F,T,solve_only,1.084456846,cep1,0.004099000000
cuSPARSE,NVIDIA GeForce RTX 5090 / CUDA 12.9,float,T,T,solve_only,1,wikipedia-20060925,0.4769554000
GeneralSparse,NVIDIA GeForce RTX 5090 / CUDA 12.9,float,F,T,solve_only,1.084456846,wikipedia-20060925,1.203606000
cuSPARSE,NVIDIA GeForce RTX 5090 / CUDA 12.9,float,T,T,solve_only,1,mawi_201512012345,7.881962600
GeneralSparse,NVIDIA GeForce RTX 5090 / CUDA 12.9,float,F,T,solve_only,1.084456846,mawi_201512012345,30.11280000
cuSPARSE,NVIDIA GeForce RTX 5090 / CUDA 12.9,float,T,T,solve_only,1,rbsa480,0.008194200000
GeneralSparse,NVIDIA GeForce RTX 5090 / CUDA 12.9,float,F,T,solve_only,1.084456846,rbsa480,0.004094800000
cuSPARSE,NVIDIA GeForce RTX 5090 / CUDA 12.9,float,T,T,solve_only,1,flower_4_4,0.01023540000
GeneralSparse,NVIDIA GeForce RTX 5090 / CUDA 12.9,float,F,T,solve_only,1.084456846,flower_4_4,0.003684000000
cuSPARSE,NVIDIA GeForce RTX 5090 / CUDA 12.9,float,T,T,solve_only,1,rgg_n_2_20_s0,0.03070680000
GeneralSparse,NVIDIA GeForce RTX 5090 / CUDA 12.9,float,F,T,solve_only,1.084456846,rgg_n_2_20_s0,0.03688420000
cuSPARSE,NVIDIA GeForce RTX 5090 / CUDA 12.9,float,T,T,solve_only,1,wikipedia-20061104,0.4814170000
GeneralSparse,NVIDIA GeForce RTX 5090 / CUDA 12.9,float,F,T,solve_only,1.084456846,wikipedia-20061104,1.279184000
cuSPARSE,NVIDIA GeForce RTX 5090 / CUDA 12.9,float,T,T,solve_only,1,rbsb480,0.008194600000
GeneralSparse,NVIDIA GeForce RTX 5090 / CUDA 12.9,float,F,T,solve_only,1.084456846,rbsb480,0.004094800000
cuSPARSE,NVIDIA GeForce RTX 5090 / CUDA 12.9,float,T,T,solve_only,1,wikipedia-20070206,0.5484960000
GeneralSparse,NVIDIA GeForce RTX 5090 / CUDA 12.9,float,F,T,solve_only,1.084456846,wikipedia-20070206,1.354220000
cuSPARSE,NVIDIA GeForce RTX 5090 / CUDA 12.9,float,T,T,solve_only,1,Hardesty1,0.02591640000
GeneralSparse,NVIDIA GeForce RTX 5090 / CUDA 12.9,float,F,T,solve_only,1.084456846,Hardesty1,0.02253400000
cuSPARSE,NVIDIA GeForce RTX 5090 / CUDA 12.9,float,T,T,solve_only,1,TSOPF_RS_b39_c7_b,0.02112080000
GeneralSparse,NVIDIA GeForce RTX 5090 / CUDA 12.9,float,F,T,solve_only,1.084456846,TSOPF_RS_b39_c7_b,0.003639400000
cuSPARSE,NVIDIA GeForce RTX 5090 / CUDA 12.9,float,T,T,solve_only,1,wb-edu,0.3473296000
GeneralSparse,NVIDIA GeForce RTX 5090 / CUDA 12.9,float,F,T,solve_only,1.084456846,wb-edu,1.190248000
cuSPARSE,NVIDIA GeForce RTX 5090 / CUDA 12.9,float,T,T,solve_only,1,road_usa,0.5059022000
GeneralSparse,NVIDIA GeForce RTX 5090 / CUDA 12.9,float,F,T,solve_only,1.084456846,road_usa,0.9277800000
cuSPARSE,NVIDIA GeForce RTX 5090 / CUDA 12.9,float,T,T,solve_only,1,TSOPF_RS_b39_c19_b,0.04095300000
GeneralSparse,NVIDIA GeForce RTX 5090 / CUDA 12.9,float,F,T,solve_only,1.084456846,TSOPF_RS_b39_c19_b,0.003188800000
cuSPARSE,NVIDIA GeForce RTX 5090 / CUDA 12.9,float,T,T,solve_only,1,GAP-road,0.5060720000
GeneralSparse,NVIDIA GeForce RTX 5090 / CUDA 12.9,float,F,T,solve_only,1.084456846,GAP-road,0.9278480000
cuSPARSE,NVIDIA GeForce RTX 5090 / CUDA 12.9,float,T,T,solve_only,1,higgs-twitter_reply,0.04505920000
GeneralSparse,NVIDIA GeForce RTX 5090 / CUDA 12.9,float,F,T,solve_only,1.084456846,higgs-twitter_reply,0.005828400000
cuSPARSE,NVIDIA GeForce RTX 5090 / CUDA 12.9,float,T,T,solve_only,1,CurlCurl_2,0.02052620000
GeneralSparse,NVIDIA GeForce RTX 5090 / CUDA 12.9,float,F,T,solve_only,1.084456846,CurlCurl_2,0.02254220000
cuSPARSE,NVIDIA GeForce RTX 5090 / CUDA 12.9,float,T,T,solve_only,1,com-LiveJournal_Communities_top5000,0.2231714000
GeneralSparse,NVIDIA GeForce RTX 5090 / CUDA 12.9,float,F,T,solve_only,1.084456846,com-LiveJournal_Communities_top5000,0.01639620000
cuSPARSE,NVIDIA GeForce RTX 5090 / CUDA 12.9,float,T,T,solve_only,1,rgg_n_2_21_s0,0.08379380000
GeneralSparse,NVIDIA GeForce RTX 5090 / CUDA 12.9,float,F,T,solve_only,1.084456846,rgg_n_2_21_s0,0.1094620000
cuSPARSE,NVIDIA GeForce RTX 5090 / CUDA 12.9,float,T,T,solve_only,1,boneS10_M,0.02880980000
GeneralSparse,NVIDIA GeForce RTX 5090 / CUDA 12.9,float,F,T,solve_only,1.084456846,boneS10_M,0.04440480000
cuSPARSE,NVIDIA GeForce RTX 5090 / CUDA 12.9,float,T,T,solve_only,1,com-DBLP,0.01996900000
GeneralSparse,NVIDIA GeForce RTX 5090 / CUDA 12.9,float,F,T,solve_only,1.084456846,com-DBLP,0.02047140000
cuSPARSE,NVIDIA GeForce RTX 5090 / CUDA 12.9,float,T,T,solve_only,1,mhd1280a,0.01023300000
GeneralSparse,NVIDIA GeForce RTX 5090 / CUDA 12.9,float,F,T,solve_only,1.084456846,mhd1280a,0.004098400000
cuSPARSE,NVIDIA GeForce RTX 5090 / CUDA 12.9,float,T,T,solve_only,1,soc-Pokec,0.3010736000
GeneralSparse,NVIDIA GeForce RTX 5090 / CUDA 12.9,float,F,T,solve_only,1.084456846,soc-Pokec,1.362190000
cuSPARSE,NVIDIA GeForce RTX 5090 / CUDA 12.9,float,T,T,solve_only,1,com-Orkut,1.110258600
GeneralSparse,NVIDIA GeForce RTX 5090 / CUDA 12.9,float,F,T,solve_only,1.084456846,com-Orkut,1.803656000
cuSPARSE,NVIDIA GeForce RTX 5090 / CUDA 12.9,float,T,T,solve_only,1,debr_G_03,0.008195400000
GeneralSparse,NVIDIA GeForce RTX 5090 / CUDA 12.9,float,F,T,solve_only,1.084456846,debr_G_03,0.003726200000
cuSPARSE,NVIDIA GeForce RTX 5090 / CUDA 12.9,float,T,T,solve_only,1,dwt_72,0.006422800000
GeneralSparse,NVIDIA GeForce RTX 5090 / CUDA 12.9,float,F,T,solve_only,1.084456846,dwt_72,0.003834200000
cuSPARSE,NVIDIA GeForce RTX 5090 / CUDA 12.9,float,T,T,solve_only,1,pores_1,0.008195400000
GeneralSparse,NVIDIA GeForce RTX 5090 / CUDA 12.9,float,F,T,solve_only,1.084456846,pores_1,0.003632200000
cuSPARSE,NVIDIA GeForce RTX 5090 / CUDA 12.9,float,T,T,solve_only,1,hydr1c_Zeros_28,0.01639240000
GeneralSparse,NVIDIA GeForce RTX 5090 / CUDA 12.9,float,F,T,solve_only,1.084456846,hydr1c_Zeros_28,0.003689800000
cuSPARSE,NVIDIA GeForce RTX 5090 / CUDA 12.9,float,T,T,solve_only,1,TF10,0.008196600000
GeneralSparse,NVIDIA GeForce RTX 5090 / CUDA 12.9,float,F,T,solve_only,1.084456846,TF10,0.003688200000
cuSPARSE,NVIDIA GeForce RTX 5090 / CUDA 12.9,float,T,T,solve_only,1,CAG_mat72,0.008194000000
GeneralSparse,NVIDIA GeForce RTX 5090 / CUDA 12.9,float,F,T,solve_only,1.084456846,CAG_mat72,0.003689800000
cuSPARSE,NVIDIA GeForce RTX 5090 / CUDA 12.9,float,T,T,solve_only,1,impcol_d,0.009009200000
GeneralSparse,NVIDIA GeForce RTX 5090 / CUDA 12.9,float,F,T,solve_only,1.084456846,impcol_d,0.003737400000
cuSPARSE,NVIDIA GeForce RTX 5090 / CUDA 12.9,float,T,T,solve_only,1,celegans_metabolic,0.01121220000
GeneralSparse,NVIDIA GeForce RTX 5090 / CUDA 12.9,float,F,T,solve_only,1.084456846,celegans_metabolic,0.003729600000
cuSPARSE,NVIDIA GeForce RTX 5090 / CUDA 12.9,float,T,T,solve_only,1,oscil_dcop_27,0.008884400000
GeneralSparse,NVIDIA GeForce RTX 5090 / CUDA 12.9,float,F,T,solve_only,1.084456846,oscil_dcop_27,0.003803000000
cuSPARSE,NVIDIA GeForce RTX 5090 / CUDA 12.9,float,T,T,solve_only,1,Reuters911_Day_51,0.02113540000
GeneralSparse,NVIDIA GeForce RTX 5090 / CUDA 12.9,float,F,T,solve_only,1.084456846,Reuters911_Day_51,0.008187800000
cuSPARSE,NVIDIA GeForce RTX 5090 / CUDA 12.9,float,T,T,solve_only,1,tumorAntiAngiogenesis_2,0.009016800000
GeneralSparse,NVIDIA GeForce RTX 5090 / CUDA 12.9,float,F,T,solve_only,1.084456846,tumorAntiAngiogenesis_2,0.003566000000
cuSPARSE,NVIDIA GeForce RTX 5090 / CUDA 12.9,float,T,T,solve_only,1,IG5-9,0.01098300000
GeneralSparse,NVIDIA GeForce RTX 5090 / CUDA 12.9,float,F,T,solve_only,1.084456846,IG5-9,0.003800400000
cuSPARSE,NVIDIA GeForce RTX 5090 / CUDA 12.9,float,T,T,solve_only,1,as-735_G_032,0.01434040000
GeneralSparse,NVIDIA GeForce RTX 5090 / CUDA 12.9,float,F,T,solve_only,1.084456846,as-735_G_032,0.006148600000
cuSPARSE,NVIDIA GeForce RTX 5090 / CUDA 12.9,float,T,T,solve_only,1,as-735_G_081,0.01228940000
GeneralSparse,NVIDIA GeForce RTX 5090 / CUDA 12.9,float,F,T,solve_only,1.084456846,as-735_G_081,0.006148600000
cuSPARSE,NVIDIA GeForce RTX 5090 / CUDA 12.9,float,T,T,solve_only,1,dwb512,0.008973600000
GeneralSparse,NVIDIA GeForce RTX 5090 / CUDA 12.9,float,F,T,solve_only,1.084456846,dwb512,0.003752000000
cuSPARSE,NVIDIA GeForce RTX 5090 / CUDA 12.9,float,T,T,solve_only,1,as-735_G_172,0.01228280000
GeneralSparse,NVIDIA GeForce RTX 5090 / CUDA 12.9,float,F,T,solve_only,1.084456846,as-735_G_172,0.006148600000
cuSPARSE,NVIDIA GeForce RTX 5090 / CUDA 12.9,float,T,T,solve_only,1,bfwb782,0.009241400000
GeneralSparse,NVIDIA GeForce RTX 5090 / CUDA 12.9,float,F,T,solve_only,1.084456846,bfwb782,0.003967600000
cuSPARSE,NVIDIA GeForce RTX 5090 / CUDA 12.9,float,T,T,solve_only,1,as-735_G_296,0.01229420000
GeneralSparse,NVIDIA GeForce RTX 5090 / CUDA 12.9,float,F,T,solve_only,1.084456846,as-735_G_296,0.006148600000
cuSPARSE,NVIDIA GeForce RTX 5090 / CUDA 12.9,float,T,T,solve_only,1,as-735_G_318,0.01221100000
GeneralSparse,NVIDIA GeForce RTX 5090 / CUDA 12.9,float,F,T,solve_only,1.084456846,as-735_G_318,0.008189800000
cuSPARSE,NVIDIA GeForce RTX 5090 / CUDA 12.9,float,T,T,solve_only,1,as-735_G_393,0.01228800000
GeneralSparse,NVIDIA GeForce RTX 5090 / CUDA 12.9,float,F,T,solve_only,1.084456846,as-735_G_393,0.008189800000
cuSPARSE,NVIDIA GeForce RTX 5090 / CUDA 12.9,float,T,T,solve_only,1,as-735_G_460,0.01228140000
GeneralSparse,NVIDIA GeForce RTX 5090 / CUDA 12.9,float,F,T,solve_only,1.084456846,as-735_G_460,0.008191800000
cuSPARSE,NVIDIA GeForce RTX 5090 / CUDA 12.9,float,T,T,solve_only,1,lp_perold,0.009453600000
GeneralSparse,NVIDIA GeForce RTX 5090 / CUDA 12.9,float,F,T,solve_only,1.084456846,lp_perold,0.003926400000
cuSPARSE,NVIDIA GeForce RTX 5090 / CUDA 12.9,float,T,T,solve_only,1,as-735_G_555,0.01028280000
GeneralSparse,NVIDIA GeForce RTX 5090 / CUDA 12.9,float,F,T,solve_only,1.084456846,as-735_G_555,0.008197000000
cuSPARSE,NVIDIA GeForce RTX 5090 / CUDA 12.9,float,T,T,solve_only,1,as-735_G_627,0.01021140000
GeneralSparse,NVIDIA GeForce RTX 5090 / CUDA 12.9,float,F,T,solve_only,1.084456846,as-735_G_627,0.008189800000
cuSPARSE,NVIDIA GeForce RTX 5090 / CUDA 12.9,float,T,T,solve_only,1,as-735_G_681,0.01024120000
GeneralSparse,NVIDIA GeForce RTX 5090 / CUDA 12.9,float,F,T,solve_only,1.084456846,as-735_G_681,0.008197600000
cuSPARSE,NVIDIA GeForce RTX 5090 / CUDA 12.9,float,T,T,solve_only,1,lp_25fv47,0.008958400000
GeneralSparse,NVIDIA GeForce RTX 5090 / CUDA 12.9,float,F,T,solve_only,1.084456846,lp_25fv47,0.003939600000
cuSPARSE,NVIDIA GeForce RTX 5090 / CUDA 12.9,float,T,T,solve_only,1,fpga_dcop_51,0.008877800000
GeneralSparse,NVIDIA GeForce RTX 5090 / CUDA 12.9,float,F,T,solve_only,1.084456846,fpga_dcop_51,0.004099000000
cuSPARSE,NVIDIA GeForce RTX 5090 / CUDA 12.9,float,T,T,solve_only,1,sc205-2r_A_09,0.01115700000
GeneralSparse,NVIDIA GeForce RTX 5090 / CUDA 12.9,float,F,T,solve_only,1.084456846,sc205-2r_A_09,0.004061200000
cuSPARSE,NVIDIA GeForce RTX 5090 / CUDA 12.9,float,T,T,solve_only,1,CollegeMsg,0.01112320000
GeneralSparse,NVIDIA GeForce RTX 5090 / CUDA 12.9,float,F,T,solve_only,1.084456846,CollegeMsg,0.004101400000
cuSPARSE,NVIDIA GeForce RTX 5090 / CUDA 12.9,float,T,T,solve_only,1,delf_A_24,0.01116720000
GeneralSparse,NVIDIA GeForce RTX 5090 / CUDA 12.9,float,F,T,solve_only,1.084456846,delf_A_24,0.004606800000
cuSPARSE,NVIDIA GeForce RTX 5090 / CUDA 12.9,float,T,T,solve_only,1,Oregon-2_G_7,0.01020860000
GeneralSparse,NVIDIA GeForce RTX 5090 / CUDA 12.9,float,F,T,solve_only,1.084456846,Oregon-2_G_7,0.01436240000
cuSPARSE,NVIDIA GeForce RTX 5090 / CUDA 12.9,float,T,T,solve_only,1,adder_dcop_14,0.009717800000
GeneralSparse,NVIDIA GeForce RTX 5090 / CUDA 12.9,float,F,T,solve_only,1.084456846,adder_dcop_14,0.006142800000
cuSPARSE,NVIDIA GeForce RTX 5090 / CUDA 12.9,float,T,T,solve_only,1,extr1b_A_31,0.009012800000
GeneralSparse,NVIDIA GeForce RTX 5090 / CUDA 12.9,float,F,T,solve_only,1.084456846,extr1b_A_31,0.003718000000
cuSPARSE,NVIDIA GeForce RTX 5090 / CUDA 12.9,float,T,T,solve_only,1,adder_trans_02,0.01135180000
GeneralSparse,NVIDIA GeForce RTX 5090 / CUDA 12.9,float,F,T,solve_only,1.084456846,adder_trans_02,0.006142800000
cuSPARSE,NVIDIA GeForce RTX 5090 / CUDA 12.9,float,T,T,solve_only,1,as-caida_G_114,0.01433980000
GeneralSparse,NVIDIA GeForce RTX 5090 / CUDA 12.9,float,F,T,solve_only,1.084456846,as-caida_G_114,0.03685140000
cuSPARSE,NVIDIA GeForce RTX 5090 / CUDA 12.9,float,T,T,solve_only,1,bibd_49_3,0.009141000000
GeneralSparse,NVIDIA GeForce RTX 5090 / CUDA 12.9,float,F,T,solve_only,1.084456846,bibd_49_3,0.004353200000
cuSPARSE,NVIDIA GeForce RTX 5090 / CUDA 12.9,float,T,T,solve_only,1,t2dal_a,0.01061420000
GeneralSparse,NVIDIA GeForce RTX 5090 / CUDA 12.9,float,F,T,solve_only,1.084456846,t2dal_a,0.004492000000
cuSPARSE,NVIDIA GeForce RTX 5090 / CUDA 12.9,float,T,T,solve_only,1,model4,0.01090440000
GeneralSparse,NVIDIA GeForce RTX 5090 / CUDA 12.9,float,F,T,solve_only,1.084456846,model4,0.004182200000
cuSPARSE,NVIDIA GeForce RTX 5090 / CUDA 12.9,float,T,T,solve_only,1,soc-sign-bitcoin-otc_Time,0.01087960000
GeneralSparse,NVIDIA GeForce RTX 5090 / CUDA 12.9,float,F,T,solve_only,1.084456846,soc-sign-bitcoin-otc_Time,0.01023800000
cuSPARSE,NVIDIA GeForce RTX 5090 / CUDA 12.9,float,T,T,solve_only,1,g7jac020sc,0.01060540000
GeneralSparse,NVIDIA GeForce RTX 5090 / CUDA 12.9,float,F,T,solve_only,1.084456846,g7jac020sc,0.006142400000
cuSPARSE,NVIDIA GeForce RTX 5090 / CUDA 12.9,float,T,T,solve_only,1,utm3060,0.01099960000
GeneralSparse,NVIDIA GeForce RTX 5090 / CUDA 12.9,float,F,T,solve_only,1.084456846,utm3060,0.004093600000
cuSPARSE,NVIDIA GeForce RTX 5090 / CUDA 12.9,float,T,T,solve_only,1,as-caida_G_112,0.01069480000
GeneralSparse,NVIDIA GeForce RTX 5090 / CUDA 12.9,float,F,T,solve_only,1.084456846,as-caida_G_112,0.03893380000
cuSPARSE,NVIDIA GeForce RTX 5090 / CUDA 12.9,float,T,T,solve_only,1,scfxm1-2b_A_3,0.01082060000
GeneralSparse,NVIDIA GeForce RTX 5090 / CUDA 12.9,float,F,T,solve_only,1.084456846,scfxm1-2b_A_3,0.006148400000
cuSPARSE,NVIDIA GeForce RTX 5090 / CUDA 12.9,float,T,T,solve_only,1,nh2010,0.01024340000
GeneralSparse,NVIDIA GeForce RTX 5090 / CUDA 12.9,float,F,T,solve_only,1.084456846,nh2010,0.006148400000
cuSPARSE,NVIDIA GeForce RTX 5090 / CUDA 12.9,float,T,T,solve_only,1,t2d_q9_A_04,0.01105240000
GeneralSparse,NVIDIA GeForce RTX 5090 / CUDA 12.9,float,F,T,solve_only,1.084456846,t2d_q9_A_04,0.004124200000
cuSPARSE,NVIDIA GeForce RTX 5090 / CUDA 12.9,float,T,T,solve_only,1,t2d_q4_A_36,0.01019380000
GeneralSparse,NVIDIA GeForce RTX 5090 / CUDA 12.9,float,F,T,solve_only,1.084456846,t2d_q4_A_36,0.003825200000
cuSPARSE,NVIDIA GeForce RTX 5090 / CUDA 12.9,float,T,T,solve_only,1,t2dah_e,0.009222800000
GeneralSparse,NVIDIA GeForce RTX 5090 / CUDA 12.9,float,F,T,solve_only,1.084456846,t2dah_e,0.004459400000
cuSPARSE,NVIDIA GeForce RTX 5090 / CUDA 12.9,float,T,T,solve_only,1,cavity22,0.009049000000
GeneralSparse,NVIDIA GeForce RTX 5090 / CUDA 12.9,float,F,T,solve_only,1.084456846,cavity22,0.006148600000
cuSPARSE,NVIDIA GeForce RTX 5090 / CUDA 12.9,float,T,T,solve_only,1,vsp_vibrobox_scagr7-2c_rlfddd,0.01124560000
GeneralSparse,NVIDIA GeForce RTX 5090 / CUDA 12.9,float,F,T,solve_only,1.084456846,vsp_vibrobox_scagr7-2c_rlfddd,0.01024700000
cuSPARSE,NVIDIA GeForce RTX 5090 / CUDA 12.9,float,T,T,solve_only,1,md2010,0.01241540000
GeneralSparse,NVIDIA GeForce RTX 5090 / CUDA 12.9,float,F,T,solve_only,1.084456846,md2010,0.009067200000
cuSPARSE,NVIDIA GeForce RTX 5090 / CUDA 12.9,float,T,T,solve_only,1,ms2010,0.01228800000
GeneralSparse,NVIDIA GeForce RTX 5090 / CUDA 12.9,float,F,T,solve_only,1.084456846,ms2010,0.008189800000
cuSPARSE,NVIDIA GeForce RTX 5090 / CUDA 12.9,float,T,T,solve_only,1,coAuthorsCiteseer,0.01240860000
GeneralSparse,NVIDIA GeForce RTX 5090 / CUDA 12.9,float,F,T,solve_only,1.084456846,coAuthorsCiteseer,0.01432880000
cuSPARSE,NVIDIA GeForce RTX 5090 / CUDA 12.9,float,T,T,solve_only,1,sx-superuser,0.01903020000
GeneralSparse,NVIDIA GeForce RTX 5090 / CUDA 12.9,float,F,T,solve_only,1.084456846,sx-superuser,0.2329580000
cuSPARSE,NVIDIA GeForce RTX 5090 / CUDA 12.9,float,T,T,solve_only,1,std1_Jac3_db,0.01024220000
GeneralSparse,NVIDIA GeForce RTX 5090 / CUDA 12.9,float,F,T,solve_only,1.084456846,std1_Jac3_db,0.01842500000
cuSPARSE,NVIDIA GeForce RTX 5090 / CUDA 12.9,float,T,T,solve_only,1,lp_nug30,0.01843940000
GeneralSparse,NVIDIA GeForce RTX 5090 / CUDA 12.9,float,F,T,solve_only,1.084456846,lp_nug30,0.01229580000
cuSPARSE,NVIDIA GeForce RTX 5090 / CUDA 12.9,float,T,T,solve_only,1,crashbasis,0.01229500000
GeneralSparse,NVIDIA GeForce RTX 5090 / CUDA 12.9,float,F,T,solve_only,1.084456846,crashbasis,0.006148600000
cuSPARSE,NVIDIA GeForce RTX 5090 / CUDA 12.9,float,T,T,solve_only,1,web-Google,0.06551400000
GeneralSparse,NVIDIA GeForce RTX 5090 / CUDA 12.9,float,F,T,solve_only,1.084456846,web-Google,0.09210820000
cuSPARSE,NVIDIA GeForce RTX 5090 / CUDA 12.9,float,T,T,solve_only,1,crankseg_1,0.01843820000
GeneralSparse,NVIDIA GeForce RTX 5090 / CUDA 12.9,float,F,T,solve_only,1.084456846,crankseg_1,0.03282560000
cuSPARSE,NVIDIA GeForce RTX 5090 / CUDA 12.9,float,T,T,solve_only,1,af_shell7,0.02456980000
GeneralSparse,NVIDIA GeForce RTX 5090 / CUDA 12.9,float,F,T,solve_only,1.084456846,af_shell7,0.04506880000
cuSPARSE,NVIDIA GeForce RTX 5090 / CUDA 12.9,float,T,T,solve_only,1,circuit5M_dc,0.1074990000
GeneralSparse,NVIDIA GeForce RTX 5090 / CUDA 12.9,float,F,T,solve_only,1.084456846,circuit5M_dc,0.1517348000
cuSPARSE,NVIDIA GeForce RTX 5090 / CUDA 12.9,float,T,T,solve_only,1,it-2004,6.005228400
GeneralSparse,NVIDIA GeForce RTX 5090 / CUDA 12.9,float,F,T,solve_only,1.084456846,it-2004,13.83272000
cuSPARSE,NVIDIA GeForce RTX 5090 / CUDA 12.9,float,T,T,solve_only,1,soc-sign-bitcoin-alpha,0.01023680000
GeneralSparse,NVIDIA GeForce RTX 5090 / CUDA 12.9,float,F,T,solve_only,1.084456846,soc-sign-bitcoin-alpha,0.008190800000
cuSPARSE,NVIDIA GeForce RTX 5090 / CUDA 12.9,float,T,T,solve_only,1,soc-sign-bitcoin-otc,0.01012500000
GeneralSparse,NVIDIA GeForce RTX 5090 / CUDA 12.9,float,F,T,solve_only,1.084456846,soc-sign-bitcoin-otc,0.01023700000
cuSPARSE,NVIDIA GeForce RTX 5090 / CUDA 12.9,float,T,T,solve_only,1,TSOPF_RS_b300_c1,0.01228300000
GeneralSparse,NVIDIA GeForce RTX 5090 / CUDA 12.9,float,F,T,solve_only,1.084456846,TSOPF_RS_b300_c1,0.01844300000
cuSPARSE,NVIDIA GeForce RTX 5090 / CUDA 12.9,float,T,T,solve_only,1,soc-sign-bitcoin-alpha_Time,0.01100540000
GeneralSparse,NVIDIA GeForce RTX 5090 / CUDA 12.9,float,F,T,solve_only,1.084456846,soc-sign-bitcoin-alpha_Time,0.008189600000
cuSPARSE,NVIDIA GeForce RTX 5090 / CUDA 12.9,float,T,T,solve_only,1,nd3k,0.01228580000
GeneralSparse,NVIDIA GeForce RTX 5090 / CUDA 12.9,float,F,T,solve_only,1.084456846,nd3k,0.01434480000
cuSPARSE,NVIDIA GeForce RTX 5090 / CUDA 12.9,float,T,T,solve_only,1,soc-Epinions1,0.01433400000
GeneralSparse,NVIDIA GeForce RTX 5090 / CUDA 12.9,float,F,T,solve_only,1.084456846,soc-Epinions1,0.09210100000
cuSPARSE,NVIDIA GeForce RTX 5090 / CUDA 12.9,float,T,T,solve_only,1,nd6k,0.01483980000
GeneralSparse,NVIDIA GeForce RTX 5090 / CUDA 12.9,float,F,T,solve_only,1.084456846,nd6k,0.02661340000
cuSPARSE,NVIDIA GeForce RTX 5090 / CUDA 12.9,float,T,T,solve_only,1,hugetrace-00010,0.3502840000
GeneralSparse,NVIDIA GeForce RTX 5090 / CUDA 12.9,float,F,T,solve_only,1.084456846,hugetrace-00010,0.5263680000
cuSPARSE,NVIDIA GeForce RTX 5090 / CUDA 12.9,float,T,T,solve_only,1,soc-sign-Slashdot081106,0.01434480000
GeneralSparse,NVIDIA GeForce RTX 5090 / CUDA 12.9,float,F,T,solve_only,1.084456846,soc-sign-Slashdot081106,0.03482200000
cuSPARSE,NVIDIA GeForce RTX 5090 / CUDA 12.9,float,T,T,solve_only,1,TSOPF_RS_b678_c1,0.01642340000
GeneralSparse,NVIDIA GeForce RTX 5090 / CUDA 12.9,float,F,T,solve_only,1.084456846,TSOPF_RS_b678_c1,0.02868820000
cuSPARSE,NVIDIA GeForce RTX 5090 / CUDA 12.9,float,T,T,solve_only,1,hugetrace-00020,0.3858458000
GeneralSparse,NVIDIA GeForce RTX 5090 / CUDA 12.9,float,F,T,solve_only,1.084456846,hugetrace-00020,0.7087480000
cuSPARSE,NVIDIA GeForce RTX 5090 / CUDA 12.9,float,T,T,solve_only,1,soc-sign-Slashdot090216,0.01639300000
GeneralSparse,NVIDIA GeForce RTX 5090 / CUDA 12.9,float,F,T,solve_only,1.084456846,soc-sign-Slashdot090216,0.03483600000
cuSPARSE,NVIDIA GeForce RTX 5090 / CUDA 12.9,float,T,T,solve_only,1,TSOPF_RS_b300_c3,0.01639160000
GeneralSparse,NVIDIA GeForce RTX 5090 / CUDA 12.9,float,F,T,solve_only,1.084456846,TSOPF_RS_b300_c3,0.02015200000
cuSPARSE,NVIDIA GeForce RTX 5090 / CUDA 12.9,float,T,T,solve_only,1,hugebubbles-00000,0.7114632000
GeneralSparse,NVIDIA GeForce RTX 5090 / CUDA 12.9,float,F,T,solve_only,1.084456846,hugebubbles-00000,0.7960640000
cuSPARSE,NVIDIA GeForce RTX 5090 / CUDA 12.9,float,T,T,solve_only,1,soc-sign-Slashdot090221,0.01639240000
GeneralSparse,NVIDIA GeForce RTX 5090 / CUDA 12.9,float,F,T,solve_only,1.084456846,soc-sign-Slashdot090221,0.03496840000
cuSPARSE,NVIDIA GeForce RTX 5090 / CUDA 12.9,float,T,T,solve_only,1,nd12k,0.02049060000
GeneralSparse,NVIDIA GeForce RTX 5090 / CUDA 12.9,float,F,T,solve_only,1.084456846,nd12k,0.04503860000
cuSPARSE,NVIDIA GeForce RTX 5090 / CUDA 12.9,float,T,T,solve_only,1,hugebubbles-00010,0.4204176000
GeneralSparse,NVIDIA GeForce RTX 5090 / CUDA 12.9,float,F,T,solve_only,1.084456846,hugebubbles-00010,0.8821420000
cuSPARSE,NVIDIA GeForce RTX 5090 / CUDA 12.9,float,T,T,solve_only,1,soc-Slashdot0811,0.01843800000
GeneralSparse,NVIDIA GeForce RTX 5090 / CUDA 12.9,float,F,T,solve_only,1.084456846,soc-Slashdot0811,0.09448960000
cuSPARSE,NVIDIA GeForce RTX 5090 / CUDA 12.9,float,T,T,solve_only,1,nd24k,0.07779500000
GeneralSparse,NVIDIA GeForce RTX 5090 / CUDA 12.9,float,F,T,solve_only,1.084456846,nd24k,0.1333882000
cuSPARSE,NVIDIA GeForce RTX 5090 / CUDA 12.9,float,T,T,solve_only,1,hugebubbles-00020,0.4515898000
GeneralSparse,NVIDIA GeForce RTX 5090 / CUDA 12.9,float,F,T,solve_only,1.084456846,hugebubbles-00020,0.9535120000
cuSPARSE,NVIDIA GeForce RTX 5090 / CUDA 12.9,float,T,T,solve_only,1,com-Amazon_Communities_top5000,0.01844200000
GeneralSparse,NVIDIA GeForce RTX 5090 / CUDA 12.9,float,F,T,solve_only,1.084456846,com-Amazon_Communities_top5000,0.006142200000
cuSPARSE,NVIDIA GeForce RTX 5090 / CUDA 12.9,float,T,T,solve_only,1,soc-Slashdot0902,0.02047140000
GeneralSparse,NVIDIA GeForce RTX 5090 / CUDA 12.9,float,F,T,solve_only,1.084456846,soc-Slashdot0902,0.1007598000
cuSPARSE,NVIDIA GeForce RTX 5090 / CUDA 12.9,float,T,T,solve_only,1,TSOPF_RS_b2383_c1,0.08599100000
GeneralSparse,NVIDIA GeForce RTX 5090 / CUDA 12.9,float,F,T,solve_only,1.084456846,TSOPF_RS_b2383_c1,0.07171760000
cuSPARSE,NVIDIA GeForce RTX 5090 / CUDA 12.9,float,T,T,solve_only,1,mawi_201512020000,15.25985040
GeneralSparse,NVIDIA GeForce RTX 5090 / CUDA 12.9,float,F,T,solve_only,1.084456846,mawi_201512020000,59.01540000
cuSPARSE,NVIDIA GeForce RTX 5090 / CUDA 12.9,float,T,T,solve_only,1,com-Youtube_Communities_top5000,0.06790500000
GeneralSparse,NVIDIA GeForce RTX 5090 / CUDA 12.9,float,F,T,solve_only,1.084456846,com-Youtube_Communities_top5000,0.006149400000
cuSPARSE,NVIDIA GeForce RTX 5090 / CUDA 12.9,float,T,T,solve_only,1,soc-sign-epinions,0.01854700000
GeneralSparse,NVIDIA GeForce RTX 5090 / CUDA 12.9,float,F,T,solve_only,1.084456846,soc-sign-epinions,0.1556152000
cuSPARSE,NVIDIA GeForce RTX 5090 / CUDA 12.9,float,T,T,solve_only,1,europe_osm,0.8711012000
GeneralSparse,NVIDIA GeForce RTX 5090 / CUDA 12.9,float,F,T,solve_only,1.084456846,europe_osm,1.974046000
cuSPARSE,NVIDIA GeForce RTX 5090 / CUDA 12.9,float,T,T,solve_only,1,mycielskian11,0.01023520000
GeneralSparse,NVIDIA GeForce RTX 5090 / CUDA 12.9,float,F,T,solve_only,1.084456846,mycielskian11,0.005565600000
cuSPARSE,NVIDIA GeForce RTX 5090 / CUDA 12.9,float,T,T,solve_only,1,com-Youtube_Communities_all,0.06172080000
GeneralSparse,NVIDIA GeForce RTX 5090 / CUDA 12.9,float,F,T,solve_only,1.084456846,com-Youtube_Communities_all,0.01843280000
cuSPARSE,NVIDIA GeForce RTX 5090 / CUDA 12.9,float,T,T,solve_only,1,com-Youtube,0.03684500000
GeneralSparse,NVIDIA GeForce RTX 5090 / CUDA 12.9,float,F,T,solve_only,1.084456846,com-Youtube,0.3055720000
cuSPARSE,NVIDIA GeForce RTX 5090 / CUDA 12.9,float,T,T,solve_only,1,kmer_V2a,1.943033800
GeneralSparse,NVIDIA GeForce RTX 5090 / CUDA 12.9,float,F,T,solve_only,1.084456846,kmer_V2a,2.152040000
cuSPARSE,NVIDIA GeForce RTX 5090 / CUDA 12.9,float,T,T,solve_only,1,mycielskian14,0.01327380000
GeneralSparse,NVIDIA GeForce RTX 5090 / CUDA 12.9,float,F,T,solve_only,1.084456846,mycielskian14,0.02500440000
